{
  "variables": [
    "humidity",
    "ph",
    "ec",
    "n",
    "p",
    "k"
  ],
  "soils": [
    "soil",
    "soil2",
    "soil3"
  ],
  "metrics": {
    "soil_humidity": {
      "mae": 0.23065806484468104,
      "rmse": 0.23922818695703926
    },
    "soil_ph": {
      "mae": 0.2944804997018357,
      "rmse": 0.3442500202054196
    },
    "soil_ec": {
      "mae": 0.33454026915191454,
      "rmse": 0.3812935983165636
    },
    "soil_p": {
      "mae": 0.046467355798360865,
      "rmse": 0.052888205198985884
    },
    "soil_k": {
      "mae": 0.024269254108714177,
      "rmse": 0.026534744490283542
    },
    "soil2_humidity": {
      "mae": 0.11197394048179646,
      "rmse": 0.12707666817335336
    },
    "soil2_ph": {
      "mae": 0.31619078749557544,
      "rmse": 0.3647707174833884
    },
    "soil2_ec": {
      "mae": 0.11420766477507414,
      "rmse": 0.12404897019611227
    },
    "soil2_n": {
      "mae": 0.06422810056576518,
      "rmse": 0.08131515444063638
    },
    "soil2_p": {
      "mae": 0.194896915426583,
      "rmse": 0.20748008192365308
    },
    "soil2_k": {
      "mae": 0.2009286533791983,
      "rmse": 0.2149718097662937
    },
    "soil3_humidity": {
      "mae": 0.08340773237460432,
      "rmse": 0.09433352820251768
    },
    "soil3_ph": {
      "mae": 0.209824052256022,
      "rmse": 0.23480518441891468
    },
    "soil3_ec": {
      "mae": 0.09721204429834743,
      "rmse": 0.12364854681814168
    },
    "soil3_n": {
      "mae": 0.0872613482004446,
      "rmse": 0.11017872586451014
    },
    "soil3_p": {
      "mae": 0.09603552702321302,
      "rmse": 0.12216817577966828
    },
    "soil3_k": {
      "mae": 0.09850924092075036,
      "rmse": 0.12528473848746835
    }
  }
}