{
  "soil_humidity": {
    "MAE": 0.22636697879517093,
    "RMSE": 0.23883978383416749
  },
  "soil_ph": {
    "MAE": 0.09872473919785411,
    "RMSE": 0.11832113842807186
  },
  "soil_ec": {
    "MAE": 0.05713328309174991,
    "RMSE": 0.0690014042853792
  },
  "soil_p": {
    "MAE": 0.01520206147340999,
    "RMSE": 0.020423190444769736
  },
  "soil_k": {
    "MAE": 0.0025434029608059077,
    "RMSE": 0.003547112915802318
  },
  "soil2_humidity": {
    "MAE": 0.19318684364550068,
    "RMSE": 0.20623682415708122
  },
  "soil2_ph": {
    "MAE": 0.2745768394975124,
    "RMSE": 0.3214653615335722
  },
  "soil2_ec": {
    "MAE": 0.2039815454687346,
    "RMSE": 0.21946983742960172
  },
  "soil2_n": {
    "MAE": 0.059290535963266895,
    "RMSE": 0.07329280419366875
  },
  "soil2_p": {
    "MAE": 0.27009726984573657,
    "RMSE": 0.28495954817982083
  },
  "soil2_k": {
    "MAE": 0.28043011284291525,
    "RMSE": 0.2963646964865149
  },
  "soil3_humidity": {
    "MAE": 0.21132806701094412,
    "RMSE": 0.22890585312177703
  },
  "soil3_ph": {
    "MAE": 0.12401577040617524,
    "RMSE": 0.15826678370551658
  },
  "soil3_ec": {
    "MAE": 0.13537843805600708,
    "RMSE": 0.14260837480378646
  },
  "soil3_n": {
    "MAE": 0.08319437118408246,
    "RMSE": 0.09611119035955719
  },
  "soil3_p": {
    "MAE": 0.13668606070959272,
    "RMSE": 0.14395865440361533
  },
  "soil3_k": {
    "MAE": 0.13836682870317052,
    "RMSE": 0.1456042693979654
  }
}